<?xml version="1.0" encoding="UTF-8"?>
<project-private xmlns="http://www.netbeans.org/ns/project-private/1">
    <editor-bookmarks xmlns="http://www.netbeans.org/ns/editor-bookmarks/2" lastBookmarkId="0"/>
    <open-files xmlns="http://www.netbeans.org/ns/projectui-open-files/2">
        <group>
            <file>file:/C:/Users/olele/OneDrive/Documents/POEP1/src/POEP1.java</file>
            <file>file:/C:/Users/olele/OneDrive/Documents/POEP1/src/EasyKanban.java</file>
            <file>file:/C:/Users/olele/OneDrive/Documents/POEP1/src/Task.java</file>
            <file>file:/C:/Users/olele/OneDrive/Documents/POEP1/src/Login.java</file>
            <file>file:/C:/Users/olele/OneDrive/Documents/POEP1/src/TaskManagement.java</file>
        </group>
    </open-files>
</project-private>
